-- MySQL dump 10.13  Distrib 8.0.19, for Linux (x86_64)
--
-- Host: localhost    Database: vk
-- ------------------------------------------------------
-- Server version	8.0.19-0ubuntu0.19.10.3

/*!40101 SET @OLD_CHARACTER_SET_CLIENT=@@CHARACTER_SET_CLIENT */;
/*!40101 SET @OLD_CHARACTER_SET_RESULTS=@@CHARACTER_SET_RESULTS */;
/*!40101 SET @OLD_COLLATION_CONNECTION=@@COLLATION_CONNECTION */;
/*!50503 SET NAMES utf8mb4 */;
/*!40103 SET @OLD_TIME_ZONE=@@TIME_ZONE */;
/*!40103 SET TIME_ZONE='+00:00' */;
/*!40014 SET @OLD_UNIQUE_CHECKS=@@UNIQUE_CHECKS, UNIQUE_CHECKS=0 */;
/*!40014 SET @OLD_FOREIGN_KEY_CHECKS=@@FOREIGN_KEY_CHECKS, FOREIGN_KEY_CHECKS=0 */;
/*!40101 SET @OLD_SQL_MODE=@@SQL_MODE, SQL_MODE='NO_AUTO_VALUE_ON_ZERO' */;
/*!40111 SET @OLD_SQL_NOTES=@@SQL_NOTES, SQL_NOTES=0 */;

--
-- Table structure for table `communities`
--

DROP TABLE IF EXISTS `communities`;
/*!40101 SET @saved_cs_client     = @@character_set_client */;
/*!50503 SET character_set_client = utf8mb4 */;
CREATE TABLE `communities` (
  `id` int unsigned NOT NULL AUTO_INCREMENT,
  `name` varchar(150) CHARACTER SET utf8 COLLATE utf8_unicode_ci NOT NULL,
  PRIMARY KEY (`id`),
  UNIQUE KEY `name` (`name`)
) ENGINE=InnoDB AUTO_INCREMENT=101 DEFAULT CHARSET=utf8 COLLATE=utf8_unicode_ci;
/*!40101 SET character_set_client = @saved_cs_client */;

--
-- Dumping data for table `communities`
--

LOCK TABLES `communities` WRITE;
/*!40000 ALTER TABLE `communities` DISABLE KEYS */;
INSERT INTO `communities` VALUES (15,'dolor'),(19,'eaque'),(8,'eos'),(2,'fugit'),(14,'illum'),(9,'laudantium'),(5,'modi'),(1,'molestias'),(18,'officia'),(12,'provident'),(3,'quam'),(10,'qui'),(13,'quidem'),(6,'quisquam'),(11,'reprehenderit'),(7,'repudiandae'),(16,'rerum'),(17,'vel'),(4,'voluptatibus'),(20,'voluptatum');
/*!40000 ALTER TABLE `communities` ENABLE KEYS */;
UNLOCK TABLES;

--
-- Table structure for table `communities_users`
--

DROP TABLE IF EXISTS `communities_users`;
/*!40101 SET @saved_cs_client     = @@character_set_client */;
/*!50503 SET character_set_client = utf8mb4 */;
CREATE TABLE `communities_users` (
  `community_id` int unsigned NOT NULL,
  `user_id` int unsigned NOT NULL,
  PRIMARY KEY (`community_id`,`user_id`)
) ENGINE=InnoDB DEFAULT CHARSET=utf8 COLLATE=utf8_unicode_ci;
/*!40101 SET character_set_client = @saved_cs_client */;

--
-- Dumping data for table `communities_users`
--

LOCK TABLES `communities_users` WRITE;
/*!40000 ALTER TABLE `communities_users` DISABLE KEYS */;
INSERT INTO `communities_users` VALUES (1,2),(1,7),(1,10),(1,18),(1,26),(1,69),(1,70),(1,92),(2,1),(2,17),(2,59),(3,2),(3,66),(3,69),(3,80),(3,81),(3,84),(3,87),(4,11),(4,12),(4,35),(4,59),(4,74),(4,99),(4,100),(5,2),(5,42),(5,44),(5,84),(6,17),(6,26),(6,32),(6,64),(6,68),(6,72),(6,81),(7,7),(7,27),(7,42),(7,45),(7,46),(8,28),(8,61),(8,99),(9,22),(9,36),(9,50),(9,52),(9,56),(9,92),(10,55),(10,64),(10,99),(11,37),(11,73),(12,8),(12,21),(12,69),(13,41),(13,44),(13,51),(13,68),(14,3),(14,15),(14,16),(14,34),(14,82),(14,93),(15,20),(15,30),(15,53),(16,27),(16,38),(16,50),(16,79),(17,32),(17,54),(17,63),(17,79),(17,99),(18,4),(18,25),(18,30),(18,79),(18,99),(19,10),(19,13),(19,15),(19,35),(20,3),(20,6),(20,11),(20,24),(20,30),(20,40),(20,42),(20,49),(20,55),(20,61),(20,71);
/*!40000 ALTER TABLE `communities_users` ENABLE KEYS */;
UNLOCK TABLES;

--
-- Table structure for table `friendship`
--

DROP TABLE IF EXISTS `friendship`;
/*!40101 SET @saved_cs_client     = @@character_set_client */;
/*!50503 SET character_set_client = utf8mb4 */;
CREATE TABLE `friendship` (
  `user_id` int unsigned NOT NULL,
  `friend_id` int unsigned NOT NULL,
  `status_id` int unsigned NOT NULL,
  `requested_at` datetime DEFAULT CURRENT_TIMESTAMP,
  `confirmed_at` datetime DEFAULT NULL,
  PRIMARY KEY (`user_id`,`friend_id`)
) ENGINE=InnoDB DEFAULT CHARSET=utf8 COLLATE=utf8_unicode_ci;
/*!40101 SET character_set_client = @saved_cs_client */;

--
-- Dumping data for table `friendship`
--

LOCK TABLES `friendship` WRITE;
/*!40000 ALTER TABLE `friendship` DISABLE KEYS */;
INSERT INTO `friendship` VALUES (1,48,4,'2018-08-16 22:48:42','2020-04-26 22:58:04'),(1,65,3,'2018-01-14 17:55:21','2020-04-26 22:58:04'),(2,62,3,'2012-06-29 03:24:50','2020-04-26 22:58:04'),(2,98,3,'2012-08-02 00:32:14','2020-03-02 06:48:13'),(4,75,2,'2011-09-22 19:22:51','2016-12-27 03:03:39'),(4,79,1,'2013-06-08 11:01:27','2016-04-24 06:05:54'),(6,4,2,'2010-06-20 12:56:20','2016-08-28 23:30:40'),(9,18,4,'2018-09-07 19:33:07','2020-04-26 22:58:04'),(10,53,3,'2011-11-27 16:12:52','2014-11-21 11:29:00'),(11,53,3,'2018-10-08 06:00:51','2020-04-26 22:58:04'),(11,69,2,'2012-05-20 13:28:15','2015-03-09 19:48:45'),(12,1,3,'2014-09-23 11:22:29','2020-04-26 22:58:04'),(13,2,3,'2014-01-09 07:01:49','2017-05-16 02:24:44'),(13,35,2,'2019-02-25 13:37:47','2020-04-26 22:58:04'),(14,50,1,'2012-05-06 07:51:50','2018-04-22 18:15:43'),(14,89,2,'2012-04-02 03:22:13','2014-10-12 10:09:05'),(15,32,3,'2019-05-23 00:48:18','2020-04-26 22:58:04'),(16,5,4,'2014-05-07 09:33:23','2020-04-26 22:58:04'),(16,72,4,'2014-08-06 16:06:17','2015-06-15 12:49:01'),(17,30,2,'2017-01-07 16:04:40','2020-04-26 22:58:04'),(17,55,3,'2019-01-17 03:39:21','2020-04-26 22:58:04'),(17,86,4,'2011-05-03 07:03:48','2014-05-06 12:01:24'),(20,31,4,'2013-08-02 00:40:48','2016-12-04 06:28:28'),(20,52,4,'2015-03-04 14:09:44','2019-09-14 08:52:25'),(21,83,1,'2017-11-28 20:31:03','2018-11-21 19:45:37'),(22,25,2,'2019-06-18 13:34:04','2020-04-26 22:58:04'),(22,57,3,'2017-01-07 07:23:00','2020-04-26 22:58:04'),(23,8,1,'2017-09-18 12:51:41','2020-04-26 22:58:04'),(24,44,1,'2010-07-14 06:51:48','2017-04-18 12:51:10'),(24,53,3,'2018-11-28 11:17:00','2020-04-26 22:58:04'),(24,79,1,'2011-12-06 21:23:27','2015-03-13 06:01:57'),(25,29,3,'2016-12-26 02:05:32','2020-04-26 22:58:04'),(26,1,4,'2013-10-21 13:34:33','2015-10-18 08:07:40'),(27,50,3,'2010-09-18 01:53:45','2014-02-21 21:08:07'),(28,9,4,'2017-02-10 04:30:38','2019-04-18 09:42:40'),(28,34,3,'2013-11-22 17:39:25','2018-05-10 20:01:48'),(28,54,3,'2010-10-24 10:20:23','2011-11-22 09:45:54'),(30,96,3,'2014-05-27 01:40:29','2020-04-26 22:58:04'),(31,59,1,'2016-08-29 09:52:15','2020-04-26 22:58:04'),(31,72,2,'2018-03-14 04:55:49','2020-04-26 22:58:04'),(32,50,1,'2014-11-20 05:56:57','2019-01-07 05:04:14'),(33,14,3,'2018-10-17 15:06:50','2020-04-26 22:58:04'),(33,50,2,'2014-11-01 18:13:44','2020-04-26 22:58:04'),(33,75,3,'2018-02-07 18:25:24','2019-04-01 13:37:53'),(33,76,4,'2014-12-18 22:18:45','2017-03-30 02:30:18'),(34,97,1,'2010-05-11 13:34:30','2012-11-10 18:20:21'),(35,75,4,'2016-01-14 03:34:43','2019-07-05 09:45:27'),(40,12,1,'2016-06-13 20:37:12','2018-02-26 22:15:01'),(40,13,4,'2018-08-20 07:01:01','2020-04-26 22:58:04'),(40,46,2,'2017-04-09 02:32:58','2020-04-26 22:58:04'),(41,81,4,'2018-09-01 19:13:17','2020-04-16 18:53:24'),(42,80,1,'2013-06-02 22:47:15','2020-04-26 22:58:04'),(42,98,2,'2015-05-10 09:34:25','2020-04-26 22:58:04'),(48,46,3,'2018-11-20 10:38:49','2020-04-26 22:58:04'),(48,98,1,'2015-09-22 17:14:00','2020-04-26 22:58:04'),(49,48,1,'2012-03-16 06:40:23','2015-06-22 18:45:27'),(50,46,1,'2018-07-30 23:37:16','2020-04-26 22:58:04'),(57,80,2,'2012-03-27 22:43:47','2016-09-23 15:18:36'),(58,21,3,'2010-08-23 17:06:14','2017-08-10 16:39:53'),(58,41,2,'2013-11-15 20:34:04','2014-07-24 15:36:09'),(61,73,1,'2015-05-09 03:30:16','2020-04-26 22:58:04'),(64,3,4,'2012-01-31 07:34:28','2012-08-03 22:32:15'),(64,33,1,'2017-01-02 18:05:41','2017-06-05 12:59:32'),(64,54,4,'2016-02-29 15:49:07','2016-03-16 14:56:46'),(64,73,2,'2019-10-04 06:31:37','2020-04-26 22:58:04'),(65,96,1,'2018-08-25 13:52:12','2020-04-26 22:58:04'),(67,8,2,'2019-10-30 17:45:20','2020-04-26 22:58:04'),(69,47,1,'2015-12-29 19:26:34','2019-03-31 07:40:00'),(69,56,2,'2018-08-17 20:12:21','2020-04-26 22:58:04'),(70,14,1,'2010-11-12 00:57:04','2017-01-18 20:56:16'),(70,18,3,'2011-07-13 10:23:53','2015-11-28 06:50:14'),(70,31,2,'2013-03-20 13:32:42','2017-02-19 01:50:13'),(71,18,4,'2012-07-30 19:14:03','2018-07-06 04:38:30'),(72,92,3,'2010-05-16 08:27:57','2011-10-12 23:25:12'),(73,22,3,'2010-11-26 15:19:17','2013-04-05 15:48:43'),(74,52,4,'2017-01-25 16:02:22','2020-04-26 22:58:04'),(76,95,4,'2015-01-04 10:33:18','2020-04-26 22:58:04'),(78,15,3,'2019-08-13 02:48:18','2020-01-16 16:05:15'),(80,33,4,'2012-05-05 01:18:09','2020-04-26 22:58:04'),(81,35,2,'2017-04-13 19:19:41','2020-04-26 22:58:04'),(81,69,2,'2015-06-05 22:59:06','2020-04-26 22:58:04'),(82,52,2,'2010-07-13 01:50:47','2011-05-01 09:23:48'),(83,4,1,'2010-11-28 16:41:33','2017-06-06 18:04:58'),(83,61,4,'2019-07-13 06:08:14','2019-10-09 02:14:36'),(84,79,4,'2014-05-16 21:57:48','2020-04-26 22:58:04'),(87,12,4,'2016-08-31 15:24:54','2020-04-26 22:58:04'),(88,63,2,'2017-09-22 09:05:50','2018-05-21 08:56:27'),(88,82,2,'2019-11-01 10:40:13','2020-04-26 22:58:04'),(88,96,1,'2016-09-10 04:19:54','2020-04-26 22:58:04'),(89,95,4,'2019-11-01 10:20:07','2020-04-26 22:58:04'),(91,76,2,'2011-06-19 14:36:41','2020-04-26 22:58:04'),(92,11,4,'2015-05-20 12:32:52','2017-03-30 02:16:07'),(94,55,2,'2011-09-04 23:37:30','2012-07-17 22:30:11'),(97,44,1,'2010-08-25 06:48:48','2020-02-22 17:42:52'),(97,61,1,'2019-02-11 02:17:24','2020-04-26 22:58:04'),(98,1,1,'2018-10-29 21:08:25','2020-04-26 22:58:04'),(98,41,3,'2019-01-20 08:46:16','2020-04-26 22:58:04'),(99,30,4,'2019-09-30 02:18:38','2020-01-12 09:35:49'),(99,59,2,'2012-03-20 12:31:44','2017-12-03 14:48:07'),(100,30,1,'2019-04-27 19:13:27','2020-04-26 22:58:04');
/*!40000 ALTER TABLE `friendship` ENABLE KEYS */;
UNLOCK TABLES;

--
-- Table structure for table `friendship_statuses`
--

DROP TABLE IF EXISTS `friendship_statuses`;
/*!40101 SET @saved_cs_client     = @@character_set_client */;
/*!50503 SET character_set_client = utf8mb4 */;
CREATE TABLE `friendship_statuses` (
  `id` int unsigned NOT NULL AUTO_INCREMENT,
  `name` varchar(150) CHARACTER SET utf8 COLLATE utf8_unicode_ci NOT NULL,
  PRIMARY KEY (`id`),
  UNIQUE KEY `name` (`name`)
) ENGINE=InnoDB AUTO_INCREMENT=5 DEFAULT CHARSET=utf8 COLLATE=utf8_unicode_ci;
/*!40101 SET character_set_client = @saved_cs_client */;

--
-- Dumping data for table `friendship_statuses`
--

LOCK TABLES `friendship_statuses` WRITE;
/*!40000 ALTER TABLE `friendship_statuses` DISABLE KEYS */;
INSERT INTO `friendship_statuses` VALUES (3,'BlackList'),(2,'Confirmed'),(4,'Rejected'),(1,'Requested');
/*!40000 ALTER TABLE `friendship_statuses` ENABLE KEYS */;
UNLOCK TABLES;

--
-- Table structure for table `media`
--

DROP TABLE IF EXISTS `media`;
/*!40101 SET @saved_cs_client     = @@character_set_client */;
/*!50503 SET character_set_client = utf8mb4 */;
CREATE TABLE `media` (
  `id` int unsigned NOT NULL AUTO_INCREMENT,
  `media_type_id` int unsigned NOT NULL,
  `user_id` int unsigned NOT NULL,
  `filename` varchar(255) CHARACTER SET utf8 COLLATE utf8_unicode_ci NOT NULL,
  `size` int NOT NULL,
  `metadata` longtext CHARACTER SET utf8mb4 COLLATE utf8mb4_bin,
  `created_at` datetime DEFAULT CURRENT_TIMESTAMP,
  `updated_at` datetime DEFAULT CURRENT_TIMESTAMP ON UPDATE CURRENT_TIMESTAMP,
  PRIMARY KEY (`id`)
) ENGINE=InnoDB AUTO_INCREMENT=101 DEFAULT CHARSET=utf8 COLLATE=utf8_unicode_ci;
/*!40101 SET character_set_client = @saved_cs_client */;

--
-- Dumping data for table `media`
--

LOCK TABLES `media` WRITE;
/*!40000 ALTER TABLE `media` DISABLE KEYS */;
INSERT INTO `media` VALUES (1,1,69,'https://dropbox/vk/video/40531.avi',64626,'{\"owner\": Janie Lang, \"date\": 2016-06-26 06:46:37, \"size\": 3630}','2015-01-11 05:16:05','2020-04-26 17:25:22'),(2,1,12,'https://dropbox/vk/photo/22048.jpeg',12,'{\"owner\": Kay O\'Conner, \"date\": 2017-10-30 12:07:54, \"size\": 7280}','2010-10-18 11:53:24','2020-04-26 18:26:38'),(3,3,30,'https://dropbox/vk/audio/74655.mp3',342,'{\"owner\": Cathryn Hudson, \"date\": 2015-12-06 21:45:34, \"size\": 7426}','2020-01-11 17:27:45','2020-04-26 17:25:20'),(4,1,89,'https://dropbox/vk/video/43495.avi',86426,'{\"owner\": Art Sporer, \"date\": 2011-04-01 21:09:58, \"size\": 8565}','2020-02-06 10:00:35','2020-04-26 17:25:22'),(5,1,68,'https://dropbox/vk/photo/13596.jpeg',35,'{\"owner\": Kayli Zulauf, \"date\": 2016-10-03 15:21:02, \"size\": 3516}','2017-05-13 21:50:30','2020-04-26 18:27:02'),(6,3,12,'https://dropbox/vk/audio/83307.mp3',603,'{\"owner\": Kay O\'Conner, \"date\": 2017-10-30 12:07:54, \"size\": 9462}','2015-06-29 10:19:39','2020-04-26 17:25:20'),(7,1,4,'https://dropbox/vk/video/65884.avi',48253,'{\"owner\": Sheila Smith, \"date\": 2013-03-27 00:40:05, \"size\": 3532}','2010-10-22 04:15:22','2020-04-26 17:25:22'),(8,2,87,'https://dropbox/vk/photo/11834.jpeg',33,'{\"owner\": Zaria Wilkinson, \"date\": 2017-10-14 03:06:27, \"size\": 7601}','2016-10-06 20:21:34','2020-04-26 17:25:18'),(9,3,95,'https://dropbox/vk/audio/82573.mp3',292,'{\"owner\": Jade Beier, \"date\": 2012-06-05 20:03:15, \"size\": 7493}','2013-10-17 10:40:51','2020-04-26 17:25:20'),(10,1,98,'https://dropbox/vk/video/48936.avi',61986,'{\"owner\": Barney Gerlach, \"date\": 2011-04-25 15:09:16, \"size\": 1540}','2011-12-28 18:32:07','2020-04-26 17:25:22'),(11,1,77,'https://dropbox/vk/photo/28384.jpeg',47,'{\"owner\": Johnathon Cummings, \"date\": 2016-11-23 02:00:50, \"size\": 3866}','2011-01-10 18:13:44','2020-04-26 18:22:17'),(12,3,62,'https://dropbox/vk/audio/52942.mp3',452,'{\"owner\": Jarod Keeling, \"date\": 2010-09-23 13:37:07, \"size\": 9578}','2018-09-28 08:11:15','2020-04-26 17:25:20'),(13,1,86,'https://dropbox/vk/video/57027.avi',65172,'{\"owner\": Steve Fay, \"date\": 2014-07-31 19:32:40, \"size\": 1582}','2016-04-16 08:01:28','2020-04-26 17:25:22'),(14,2,57,'https://dropbox/vk/photo/16418.jpeg',28,'{\"owner\": Alize Graham, \"date\": 2014-03-11 15:28:15, \"size\": 9439}','2012-09-24 00:55:31','2020-04-26 17:25:18'),(15,3,90,'https://dropbox/vk/audio/86994.mp3',686,'{\"owner\": Victor Kulas, \"date\": 2012-08-12 19:03:35, \"size\": 3603}','2019-01-07 20:46:22','2020-04-26 17:25:20'),(16,1,68,'https://dropbox/vk/video/68327.avi',39901,'{\"owner\": Kayli Zulauf, \"date\": 2016-10-03 15:21:02, \"size\": 4486}','2016-05-04 13:16:53','2020-04-26 17:25:22'),(17,2,81,'https://dropbox/vk/photo/26939.jpeg',42,'{\"owner\": Michele Lemke, \"date\": 2012-08-09 03:16:48, \"size\": 6681}','2011-07-18 21:13:57','2020-04-26 17:25:18'),(18,3,23,'https://dropbox/vk/audio/106143.mp3',371,'{\"owner\": Justine Turner, \"date\": 2019-02-28 09:09:58, \"size\": 6405}','2015-09-16 13:46:50','2020-04-26 17:25:20'),(19,1,23,'https://dropbox/vk/video/60554.avi',83992,'{\"owner\": Justine Turner, \"date\": 2019-02-28 09:09:58, \"size\": 9591}','2012-05-02 20:26:40','2020-04-26 17:25:22'),(20,2,45,'https://dropbox/vk/photo/15442.jpeg',13,'{\"owner\": Obie Satterfield, \"date\": 2019-07-11 15:00:56, \"size\": 870}','2015-12-17 16:01:19','2020-04-26 17:25:18'),(21,3,24,'https://dropbox/vk/audio/99733.mp3',600,'{\"owner\": Felicita Beahan, \"date\": 2016-02-14 12:54:33, \"size\": 4129}','2016-02-20 04:18:01','2020-04-26 17:25:20'),(22,1,96,'https://dropbox/vk/video/67792.avi',20258,'{\"owner\": Shakira Lindgren, \"date\": 2018-10-19 23:56:33, \"size\": 8983}','2017-04-15 14:17:11','2020-04-26 17:25:22'),(23,1,63,'https://dropbox/vk/photo/26392.jpeg',29,'{\"owner\": Pearlie Gutmann, \"date\": 2019-02-19 09:26:19, \"size\": 8625}','2018-07-30 05:17:13','2020-04-26 18:27:10'),(24,3,13,'https://dropbox/vk/audio/70235.mp3',688,'{\"owner\": Pink Haley, \"date\": 2017-10-03 13:29:12, \"size\": 1429}','2014-11-02 18:26:49','2020-04-26 17:25:20'),(25,1,75,'https://dropbox/vk/video/47296.avi',19314,'{\"owner\": Ted Hoppe, \"date\": 2015-06-22 18:10:31, \"size\": 1585}','2016-11-19 02:47:28','2020-04-26 17:25:22'),(26,2,14,'https://dropbox/vk/photo/15634.jpeg',48,'{\"owner\": Wava Greenfelder, \"date\": 2018-08-10 11:39:52, \"size\": 3891}','2016-04-27 12:28:17','2020-04-26 17:25:18'),(27,3,88,'https://dropbox/vk/audio/61978.mp3',438,'{\"owner\": Jane Reinger, \"date\": 2010-12-15 21:21:05, \"size\": 6476}','2015-10-17 21:20:15','2020-04-26 17:25:20'),(28,1,69,'https://dropbox/vk/video/43107.avi',25797,'{\"owner\": Janie Lang, \"date\": 2016-06-26 06:46:37, \"size\": 4502}','2012-05-28 07:51:44','2020-04-26 17:25:22'),(29,2,39,'https://dropbox/vk/photo/28995.jpeg',43,'{\"owner\": Bianka Wilderman, \"date\": 2016-10-26 02:37:29, \"size\": 4304}','2014-08-30 05:38:28','2020-04-26 17:25:18'),(30,3,75,'https://dropbox/vk/audio/109187.mp3',426,'{\"owner\": Ted Hoppe, \"date\": 2015-06-22 18:10:31, \"size\": 4096}','2012-02-20 00:20:31','2020-04-26 17:25:20'),(31,1,13,'https://dropbox/vk/video/43648.avi',61043,'{\"owner\": Pink Haley, \"date\": 2017-10-03 13:29:12, \"size\": 3230}','2014-06-01 09:34:12','2020-04-26 17:25:22'),(32,2,7,'https://dropbox/vk/photo/28075.jpeg',13,'{\"owner\": Kelli Herzog, \"date\": 2018-07-06 18:54:17, \"size\": 6708}','2020-03-02 08:50:53','2020-04-26 17:25:18'),(33,3,87,'https://dropbox/vk/audio/70001.mp3',618,'{\"owner\": Zaria Wilkinson, \"date\": 2017-10-14 03:06:27, \"size\": 9472}','2011-08-21 16:25:31','2020-04-26 17:25:20'),(34,1,43,'https://dropbox/vk/video/58919.avi',37823,'{\"owner\": Caesar Rogahn, \"date\": 2018-11-12 02:54:21, \"size\": 909}','2020-03-15 04:32:53','2020-04-26 17:25:22'),(35,2,95,'https://dropbox/vk/photo/23388.jpeg',27,'{\"owner\": Jade Beier, \"date\": 2012-06-05 20:03:15, \"size\": 3062}','2011-09-18 16:38:03','2020-04-26 17:25:18'),(36,3,55,'https://dropbox/vk/audio/92446.mp3',612,'{\"owner\": Tomas Kessler, \"date\": 2017-11-19 16:41:20, \"size\": 6574}','2020-01-10 15:56:49','2020-04-26 17:25:20'),(37,1,54,'https://dropbox/vk/video/53650.avi',85987,'{\"owner\": Casandra Smitham, \"date\": 2014-05-26 06:36:42, \"size\": 9938}','2011-08-03 23:55:11','2020-04-26 17:25:22'),(38,2,99,'https://dropbox/vk/photo/22715.jpeg',37,'{\"owner\": Jackeline Cormier, \"date\": 2018-12-28 14:42:47, \"size\": 7101}','2017-11-22 01:41:08','2020-04-26 17:25:18'),(39,3,41,'https://dropbox/vk/audio/82225.mp3',507,'{\"owner\": Kathlyn Bode, \"date\": 2019-03-27 06:22:59, \"size\": 9222}','2011-10-07 12:04:46','2020-04-26 17:25:20'),(40,1,48,'https://dropbox/vk/video/61493.avi',36469,'{\"owner\": Evalyn Ruecker, \"date\": 2018-04-02 22:09:01, \"size\": 3392}','2018-09-08 05:18:55','2020-04-26 17:25:22'),(41,1,97,'https://dropbox/vk/photo/13411.jpeg',43,'{\"owner\": Tristin Schaefer, \"date\": 2010-11-09 13:02:04, \"size\": 5120}','2011-11-06 22:15:47','2020-04-26 18:27:39'),(42,3,17,'https://dropbox/vk/audio/83787.mp3',497,'{\"owner\": Tierra Pfannerstill, \"date\": 2018-09-25 16:22:49, \"size\": 7784}','2013-02-19 02:39:39','2020-04-26 17:25:20'),(43,1,10,'https://dropbox/vk/video/36516.avi',94381,'{\"owner\": Judy Wintheiser, \"date\": 2013-01-01 19:36:07, \"size\": 6447}','2013-03-26 02:01:06','2020-04-26 17:25:22'),(44,2,83,'https://dropbox/vk/photo/28911.jpeg',45,'{\"owner\": Chloe Wintheiser, \"date\": 2015-12-06 20:03:17, \"size\": 187}','2011-05-03 19:00:00','2020-04-26 17:25:18'),(45,3,74,'https://dropbox/vk/audio/62260.mp3',267,'{\"owner\": Ethel Rutherford, \"date\": 2010-09-26 20:06:25, \"size\": 8221}','2015-04-24 03:02:36','2020-04-26 17:25:20'),(46,1,99,'https://dropbox/vk/video/48104.avi',82500,'{\"owner\": Jackeline Cormier, \"date\": 2018-12-28 14:42:47, \"size\": 1052}','2014-03-01 06:37:52','2020-04-26 17:25:22'),(47,2,51,'https://dropbox/vk/photo/14323.jpeg',38,'{\"owner\": Colt Beatty, \"date\": 2018-05-14 17:21:11, \"size\": 9807}','2019-07-10 07:57:46','2020-04-26 17:25:18'),(48,3,55,'https://dropbox/vk/audio/69942.mp3',642,'{\"owner\": Tomas Kessler, \"date\": 2017-11-19 16:41:20, \"size\": 5463}','2013-05-14 19:53:27','2020-04-26 17:25:20'),(49,1,22,'https://dropbox/vk/video/60970.avi',29359,'{\"owner\": Myron Nikolaus, \"date\": 2014-11-11 10:47:25, \"size\": 185}','2017-01-28 16:03:40','2020-04-26 17:25:22'),(50,2,73,'https://dropbox/vk/photo/14884.jpeg',44,'{\"owner\": Geoffrey Luettgen, \"date\": 2017-11-12 21:32:19, \"size\": 5015}','2012-02-24 08:03:09','2020-04-26 17:25:18'),(51,3,99,'https://dropbox/vk/audio/52931.mp3',211,'{\"owner\": Jackeline Cormier, \"date\": 2018-12-28 14:42:47, \"size\": 5338}','2016-09-09 13:01:12','2020-04-26 17:25:20'),(52,1,45,'https://dropbox/vk/video/50537.avi',69294,'{\"owner\": Obie Satterfield, \"date\": 2019-07-11 15:00:56, \"size\": 8474}','2019-02-10 16:32:44','2020-04-26 17:25:22'),(53,1,69,'https://dropbox/vk/photo/21450.jpeg',45,'{\"owner\": Janie Lang, \"date\": 2016-06-26 06:46:37, \"size\": 4823}','2011-12-03 08:46:34','2020-04-26 18:27:34'),(54,3,61,'https://dropbox/vk/audio/64829.mp3',430,'{\"owner\": Kendall Mueller, \"date\": 2013-07-30 18:38:15, \"size\": 4882}','2010-07-21 02:25:09','2020-04-26 17:25:20'),(55,1,57,'https://dropbox/vk/video/39779.avi',68392,'{\"owner\": Alize Graham, \"date\": 2014-03-11 15:28:15, \"size\": 5260}','2013-10-30 00:24:47','2020-04-26 17:25:22'),(56,1,43,'https://dropbox/vk/photo/12597.jpeg',34,'{\"owner\": Caesar Rogahn, \"date\": 2018-11-12 02:54:21, \"size\": 3893}','2013-12-01 00:10:12','2020-04-26 18:27:06'),(57,3,75,'https://dropbox/vk/audio/55351.mp3',317,'{\"owner\": Ted Hoppe, \"date\": 2015-06-22 18:10:31, \"size\": 6834}','2014-01-31 15:20:08','2020-04-26 17:25:20'),(58,1,45,'https://dropbox/vk/video/57284.avi',34080,'{\"owner\": Obie Satterfield, \"date\": 2019-07-11 15:00:56, \"size\": 4813}','2017-03-07 13:50:33','2020-04-26 17:25:22'),(59,2,12,'https://dropbox/vk/photo/28637.jpeg',24,'{\"owner\": Kay O\'Conner, \"date\": 2017-10-30 12:07:54, \"size\": 8950}','2012-10-31 20:54:25','2020-04-26 17:25:18'),(60,3,13,'https://dropbox/vk/audio/92269.mp3',596,'{\"owner\": Pink Haley, \"date\": 2017-10-03 13:29:12, \"size\": 5697}','2010-07-12 09:58:15','2020-04-26 17:25:20'),(61,1,20,'https://dropbox/vk/video/57081.avi',45225,'{\"owner\": Chad Quitzon, \"date\": 2013-07-06 08:15:35, \"size\": 2748}','2011-01-04 08:22:44','2020-04-26 17:25:22'),(62,2,25,'https://dropbox/vk/photo/15394.jpeg',10,'{\"owner\": Tomas Gerhold, \"date\": 2015-12-16 02:58:41, \"size\": 3980}','2015-02-23 03:54:47','2020-04-26 17:25:18'),(63,3,20,'https://dropbox/vk/audio/65294.mp3',330,'{\"owner\": Chad Quitzon, \"date\": 2013-07-06 08:15:35, \"size\": 8709}','2014-08-07 18:55:18','2020-04-26 17:25:20'),(64,1,7,'https://dropbox/vk/video/43557.avi',23883,'{\"owner\": Kelli Herzog, \"date\": 2018-07-06 18:54:17, \"size\": 217}','2018-03-22 00:26:07','2020-04-26 17:25:22'),(65,2,67,'https://dropbox/vk/photo/21061.jpeg',17,'{\"owner\": Jacynthe Marvin, \"date\": 2012-04-08 15:20:41, \"size\": 3003}','2018-05-08 17:03:20','2020-04-26 17:25:18'),(66,3,14,'https://dropbox/vk/audio/59662.mp3',662,'{\"owner\": Wava Greenfelder, \"date\": 2018-08-10 11:39:52, \"size\": 1764}','2013-11-13 19:49:23','2020-04-26 17:25:20'),(67,1,61,'https://dropbox/vk/video/56540.avi',63742,'{\"owner\": Kendall Mueller, \"date\": 2013-07-30 18:38:15, \"size\": 5147}','2019-06-21 05:26:10','2020-04-26 17:25:22'),(68,2,20,'https://dropbox/vk/photo/29123.jpeg',45,'{\"owner\": Chad Quitzon, \"date\": 2013-07-06 08:15:35, \"size\": 3420}','2017-10-23 15:40:16','2020-04-26 17:25:18'),(69,3,13,'https://dropbox/vk/audio/52430.mp3',619,'{\"owner\": Pink Haley, \"date\": 2017-10-03 13:29:12, \"size\": 6412}','2013-01-04 13:39:41','2020-04-26 17:25:20'),(70,1,1,'https://dropbox/vk/video/42029.avi',57061,'{\"owner\": Clarissa Walker, \"date\": 2016-10-17 10:17:18, \"size\": 7125}','2015-02-02 23:50:48','2020-04-26 17:25:22'),(71,2,68,'https://dropbox/vk/photo/12434.jpeg',15,'{\"owner\": Kayli Zulauf, \"date\": 2016-10-03 15:21:02, \"size\": 1502}','2017-05-08 00:03:35','2020-04-26 17:25:18'),(72,3,10,'https://dropbox/vk/audio/93162.mp3',410,'{\"owner\": Judy Wintheiser, \"date\": 2013-01-01 19:36:07, \"size\": 3637}','2014-12-09 14:24:33','2020-04-26 17:25:20'),(73,1,18,'https://dropbox/vk/video/50528.avi',84080,'{\"owner\": Weston Jaskolski, \"date\": 2015-12-22 02:46:12, \"size\": 1511}','2013-11-18 22:34:21','2020-04-26 17:25:22'),(74,2,77,'https://dropbox/vk/photo/24799.jpeg',29,'{\"owner\": Johnathon Cummings, \"date\": 2016-11-23 02:00:50, \"size\": 2713}','2010-09-08 07:06:14','2020-04-26 17:25:18'),(75,3,92,'https://dropbox/vk/audio/78523.mp3',496,'{\"owner\": Franco Collier, \"date\": 2018-10-03 02:55:00, \"size\": 2920}','2016-01-30 11:01:10','2020-04-26 17:25:20'),(76,1,91,'https://dropbox/vk/video/56552.avi',59218,'{\"owner\": Lea Bailey, \"date\": 2013-09-22 08:47:59, \"size\": 6406}','2012-12-01 19:40:09','2020-04-26 17:25:22'),(77,2,76,'https://dropbox/vk/photo/16696.jpeg',42,'{\"owner\": Amie Willms, \"date\": 2019-04-07 17:31:41, \"size\": 9554}','2019-01-27 03:52:27','2020-04-26 17:25:18'),(78,3,42,'https://dropbox/vk/audio/63128.mp3',547,'{\"owner\": Kayleigh Senger, \"date\": 2017-11-30 07:33:07, \"size\": 7699}','2010-09-01 23:47:22','2020-04-26 17:25:20'),(79,1,46,'https://dropbox/vk/video/61175.avi',33850,'{\"owner\": Greyson Kuhic, \"date\": 2020-02-24 18:16:13, \"size\": 6571}','2012-12-17 10:09:01','2020-04-26 17:25:22'),(80,2,97,'https://dropbox/vk/photo/19082.jpeg',14,'{\"owner\": Tristin Schaefer, \"date\": 2010-11-09 13:02:04, \"size\": 8483}','2012-04-13 16:27:17','2020-04-26 17:25:18'),(81,3,15,'https://dropbox/vk/audio/90070.mp3',550,'{\"owner\": Jammie Toy, \"date\": 2012-05-18 16:41:20, \"size\": 5297}','2015-11-12 04:46:25','2020-04-26 17:25:20'),(82,1,44,'https://dropbox/vk/video/66221.avi',71595,'{\"owner\": Julia Schaden, \"date\": 2017-08-25 05:43:00, \"size\": 4316}','2011-10-12 19:03:55','2020-04-26 17:25:22'),(83,2,42,'https://dropbox/vk/photo/15324.jpeg',36,'{\"owner\": Kayleigh Senger, \"date\": 2017-11-30 07:33:07, \"size\": 3242}','2016-08-14 18:27:37','2020-04-26 17:25:18'),(84,3,84,'https://dropbox/vk/audio/90967.mp3',407,'{\"owner\": Corine Bergstrom, \"date\": 2020-02-20 03:17:39, \"size\": 3877}','2013-09-08 02:42:57','2020-04-26 17:25:20'),(85,1,4,'https://dropbox/vk/video/37580.avi',66427,'{\"owner\": Sheila Smith, \"date\": 2013-03-27 00:40:05, \"size\": 4502}','2016-09-16 15:47:01','2020-04-26 17:25:22'),(86,2,98,'https://dropbox/vk/photo/29374.jpeg',26,'{\"owner\": Barney Gerlach, \"date\": 2011-04-25 15:09:16, \"size\": 2761}','2010-11-18 20:06:05','2020-04-26 17:25:18'),(87,3,27,'https://dropbox/vk/audio/74626.mp3',685,'{\"owner\": Baby Stoltenberg, \"date\": 2015-04-13 17:45:32, \"size\": 6105}','2017-02-07 11:33:07','2020-04-26 17:25:20'),(88,1,78,'https://dropbox/vk/video/39237.avi',17349,'{\"owner\": Suzanne Leffler, \"date\": 2010-05-25 16:43:28, \"size\": 4943}','2010-07-11 04:57:14','2020-04-26 17:25:22'),(89,2,43,'https://dropbox/vk/photo/10897.jpeg',12,'{\"owner\": Caesar Rogahn, \"date\": 2018-11-12 02:54:21, \"size\": 564}','2019-11-15 16:37:42','2020-04-26 17:25:18'),(90,3,38,'https://dropbox/vk/audio/50231.mp3',506,'{\"owner\": Carmella Harvey, \"date\": 2013-08-31 18:59:49, \"size\": 4880}','2019-03-09 11:47:08','2020-04-26 17:25:20'),(91,1,91,'https://dropbox/vk/video/53447.avi',57465,'{\"owner\": Lea Bailey, \"date\": 2013-09-22 08:47:59, \"size\": 3630}','2016-08-29 18:17:49','2020-04-26 17:25:22'),(92,2,63,'https://dropbox/vk/photo/16362.jpeg',25,'{\"owner\": Pearlie Gutmann, \"date\": 2019-02-19 09:26:19, \"size\": 4367}','2019-04-13 03:16:27','2020-04-26 17:25:18'),(93,3,63,'https://dropbox/vk/audio/97278.mp3',273,'{\"owner\": Pearlie Gutmann, \"date\": 2019-02-19 09:26:19, \"size\": 7818}','2016-07-31 22:26:06','2020-04-26 17:25:20'),(94,1,10,'https://dropbox/vk/video/39526.avi',45281,'{\"owner\": Judy Wintheiser, \"date\": 2013-01-01 19:36:07, \"size\": 5922}','2016-08-14 04:21:48','2020-04-26 17:25:22'),(95,2,69,'https://dropbox/vk/photo/19123.jpeg',27,'{\"owner\": Janie Lang, \"date\": 2016-06-26 06:46:37, \"size\": 6940}','2013-04-09 09:40:07','2020-04-26 17:25:18'),(96,3,29,'https://dropbox/vk/audio/105696.mp3',650,'{\"owner\": Julian Lowe, \"date\": 2014-12-16 21:11:24, \"size\": 4359}','2014-08-22 02:40:03','2020-04-26 17:25:20'),(97,1,24,'https://dropbox/vk/video/47286.avi',44008,'{\"owner\": Felicita Beahan, \"date\": 2016-02-14 12:54:33, \"size\": 5728}','2016-04-20 09:03:29','2020-04-26 17:25:22'),(98,2,29,'https://dropbox/vk/photo/16527.jpeg',53,'{\"owner\": Julian Lowe, \"date\": 2014-12-16 21:11:24, \"size\": 335}','2014-07-06 09:20:52','2020-04-26 17:25:18'),(99,3,49,'https://dropbox/vk/audio/66647.mp3',230,'{\"owner\": Eulalia Donnelly, \"date\": 2016-01-16 07:55:50, \"size\": 8934}','2013-10-16 12:38:56','2020-04-26 17:25:20'),(100,1,36,'https://dropbox/vk/video/47855.avi',74198,'{\"owner\": Mackenzie Funk, \"date\": 2018-06-13 01:25:52, \"size\": 5381}','2016-07-23 17:38:26','2020-04-26 17:25:22');
/*!40000 ALTER TABLE `media` ENABLE KEYS */;
UNLOCK TABLES;

--
-- Table structure for table `media_types`
--

DROP TABLE IF EXISTS `media_types`;
/*!40101 SET @saved_cs_client     = @@character_set_client */;
/*!50503 SET character_set_client = utf8mb4 */;
CREATE TABLE `media_types` (
  `id` int unsigned NOT NULL AUTO_INCREMENT,
  `name` varchar(255) CHARACTER SET utf8 COLLATE utf8_unicode_ci NOT NULL,
  PRIMARY KEY (`id`),
  UNIQUE KEY `name` (`name`)
) ENGINE=InnoDB AUTO_INCREMENT=4 DEFAULT CHARSET=utf8 COLLATE=utf8_unicode_ci;
/*!40101 SET character_set_client = @saved_cs_client */;

--
-- Dumping data for table `media_types`
--

LOCK TABLES `media_types` WRITE;
/*!40000 ALTER TABLE `media_types` DISABLE KEYS */;
INSERT INTO `media_types` VALUES (3,'audio'),(2,'photo'),(1,'video');
/*!40000 ALTER TABLE `media_types` ENABLE KEYS */;
UNLOCK TABLES;

--
-- Table structure for table `messages`
--

DROP TABLE IF EXISTS `messages`;
/*!40101 SET @saved_cs_client     = @@character_set_client */;
/*!50503 SET character_set_client = utf8mb4 */;
CREATE TABLE `messages` (
  `id` int unsigned NOT NULL AUTO_INCREMENT,
  `from_user_id` int unsigned NOT NULL,
  `to_user_id` int unsigned NOT NULL,
  `community_id` int unsigned DEFAULT NULL,
  `body` text CHARACTER SET utf8 COLLATE utf8_unicode_ci NOT NULL,
  `is_important` tinyint(1) DEFAULT NULL,
  `is_delivered` tinyint(1) DEFAULT NULL,
  `created_at` datetime DEFAULT CURRENT_TIMESTAMP,
  PRIMARY KEY (`id`)
) ENGINE=InnoDB AUTO_INCREMENT=101 DEFAULT CHARSET=utf8 COLLATE=utf8_unicode_ci;
/*!40101 SET character_set_client = @saved_cs_client */;

--
-- Dumping data for table `messages`
--

LOCK TABLES `messages` WRITE;
/*!40000 ALTER TABLE `messages` DISABLE KEYS */;
INSERT INTO `messages` VALUES (1,1,73,91,'Voluptas expedita cumque fugit alias nisi saepe cupiditate. Et consectetur ut libero eveniet est ut aut et. Suscipit doloremque libero dolores molestiae possimus ullam enim. Nesciunt officiis dolorum est expedita autem est dolorem et.',1,0,'2010-07-16 15:00:21'),(2,2,14,51,'Minima inventore itaque sed ipsam. Voluptates voluptas voluptates delectus sit. Doloribus molestiae ipsum et. In nihil praesentium unde neque consequatur omnis nesciunt. Sequi hic itaque ut quas quod.',0,1,'2018-02-26 09:07:43'),(3,3,55,6,'Nemo quo quia est beatae. Nihil tempora debitis totam sed sapiente qui. Rerum itaque fugit officiis provident. Pariatur cumque numquam omnis amet molestiae.',0,1,'2013-09-04 18:38:38'),(4,4,59,1,'In excepturi sit iste repudiandae omnis voluptatem est. Consequuntur est quia aut repellat deleniti nihil. Error laborum autem ea ut. Itaque velit soluta molestiae pariatur magnam.',0,1,'2011-12-21 06:36:18'),(5,5,48,NULL,'Impedit enim recusandae veritatis et placeat in repudiandae. Maiores quis quae dolore fuga beatae. Qui reiciendis doloremque sed soluta eligendi. Non rerum hic numquam voluptates est sit mollitia.',0,0,'2016-06-18 21:10:57'),(6,6,62,67,'Qui esse repellendus facere ipsum quas distinctio. Est numquam nihil facilis iusto non veniam iusto. Odio ab architecto voluptas autem nemo. Aliquam enim recusandae reprehenderit quam veniam corporis.',0,0,'2014-07-25 02:16:39'),(7,7,87,33,'Illum optio reprehenderit quae sunt rem. Harum et corrupti voluptatem at ut. Amet aspernatur non voluptas consectetur maiores.',0,1,'2012-03-09 21:00:41'),(8,8,99,14,'Inventore sequi debitis dignissimos odio necessitatibus minima. Facere cum enim id sit quidem. Quia quia omnis consequatur porro.',0,1,'2016-09-04 05:19:30'),(9,9,16,24,'Ipsum facere nihil delectus eaque repellendus. Quam architecto voluptas dolorum dignissimos. Autem placeat eligendi dignissimos reiciendis ab minus dolorum. Aut maxime quidem et harum nam.',0,1,'2018-11-22 15:11:53'),(10,10,61,NULL,'Non sit eius aut natus est hic. Totam commodi omnis distinctio aut consequatur aspernatur. Aliquam eum ea occaecati ut sunt illo et. Consectetur ipsum optio inventore exercitationem recusandae.',0,0,'2016-09-20 21:13:05'),(11,11,14,26,'Ullam fugiat tempore aut maiores voluptatem occaecati. Magni saepe natus aut voluptas. Expedita delectus laborum et quisquam quis est. Est enim porro est repellendus id similique beatae.',1,0,'2014-06-18 15:17:52'),(12,12,64,79,'Ipsa cumque ullam autem qui nemo in. Et magnam recusandae at enim. Aliquam ea voluptatem sit ea cum. Pariatur sed omnis natus et illum distinctio consequatur.',1,0,'2014-05-26 03:01:32'),(13,13,56,64,'Cumque est tenetur commodi quae in aut. Accusantium et quis non placeat eius fugit magnam. Ea eveniet voluptate eveniet reiciendis ut.',0,0,'2017-03-01 07:22:40'),(14,14,12,NULL,'Odit nam occaecati recusandae ut voluptatibus. Dolores rerum sed qui omnis sed possimus voluptas. Ut ullam ducimus similique ipsum vel. Dolor error modi et dolor doloribus placeat.',0,1,'2017-03-27 07:08:21'),(15,15,90,NULL,'Dolor veritatis mollitia cupiditate nam. Inventore vel est quos unde. Illum debitis nulla sunt praesentium. Esse eveniet odio laudantium error voluptatibus quia distinctio.',0,0,'2018-11-09 09:34:48'),(16,16,4,62,'Dolor non dolorem reiciendis. Qui natus maiores est eius voluptas quia. Voluptate ut est iure quia.',0,0,'2015-06-27 11:28:29'),(17,17,2,18,'Repellat minima rerum et eveniet odit. Occaecati molestiae vel eos autem possimus. Enim quo rem consequatur qui recusandae. Id rem ut dolorem voluptas qui inventore quas.',1,0,'2017-11-18 15:18:26'),(18,18,13,NULL,'Quibusdam consequatur est eaque ratione sint dolorem. Enim veritatis ut quis necessitatibus dolorem ut ut. Hic qui sapiente iusto ipsam quis. Laudantium maxime quos expedita voluptas eum. Recusandae voluptatem beatae consequuntur qui.',1,0,'2014-05-25 23:31:17'),(19,19,23,NULL,'Repellat molestiae et et. Temporibus laudantium qui perferendis optio. Non quisquam et similique molestias quam rem sequi. Repudiandae qui sint aperiam delectus aut. Autem quia necessitatibus consequatur explicabo occaecati.',1,1,'2013-08-04 20:43:35'),(20,20,57,NULL,'Provident sequi aliquid deserunt quia et voluptatum voluptas veniam. Aperiam laudantium ea magnam deleniti praesentium. Ipsam nemo labore consequuntur facilis ducimus unde aut perferendis. Sed dolorum commodi alias.',0,0,'2017-07-28 09:45:51'),(21,21,42,18,'Velit amet expedita dicta consequuntur nulla ut. Saepe esse et quaerat ea voluptatem. Ex vel rerum voluptas doloremque eum quisquam. Qui molestiae modi quos saepe minus.',0,0,'2012-03-11 23:41:16'),(22,22,37,28,'Nobis veniam rerum et quisquam voluptatem ullam rerum. Aliquam eum sapiente a quaerat nemo expedita. Nemo quibusdam quidem ad tempora. Deserunt aliquid omnis nulla omnis dicta.',1,1,'2017-06-08 21:34:34'),(23,23,51,35,'Repudiandae nihil sed quia asperiores. Nisi quia velit illum voluptas non non maxime. Voluptatibus magnam reprehenderit assumenda. Ut qui dolorem vel ullam aliquam quia.',0,0,'2013-01-07 02:27:06'),(24,24,42,66,'Optio maiores vel facere ipsam. Consequatur delectus ratione eos modi veritatis. Nihil libero enim quis deleniti et. Molestiae qui optio qui dolores dolor aut.',0,1,'2013-04-04 06:49:29'),(25,25,59,2,'Nisi libero cumque sed id. Cumque ipsam inventore quos perspiciatis. Iure officia sequi et provident.',0,1,'2013-02-01 02:43:55'),(26,26,38,73,'Officiis dignissimos est quo modi. Labore soluta architecto quis in sint. Corporis et et dolore id sint hic dolor. Iste iure soluta quia est.',0,0,'2019-01-26 05:13:54'),(27,27,28,1,'Nemo cumque minima odio fugiat in assumenda. Dolores molestiae quisquam maxime dolores laboriosam possimus. Non ut et sed. Pariatur tempore sapiente quidem rerum. Voluptas odit sint fugit nostrum in ratione dicta.',1,1,'2013-03-08 09:34:39'),(28,28,52,NULL,'Saepe laborum sapiente autem doloribus libero. Eius ut nobis voluptatem velit. Incidunt accusantium possimus sit iste esse quidem nostrum pariatur. Rerum doloremque quia nihil quia animi.',0,0,'2018-07-03 09:09:44'),(29,29,64,63,'Eligendi rerum debitis vel beatae. Et ipsam qui molestiae minima. Quia neque totam maiores animi doloremque architecto dolores voluptas.',0,1,'2011-10-27 21:21:34'),(30,30,67,54,'Quas enim inventore consectetur. Vel ullam consequatur nam quae omnis qui esse. Vel cum molestiae quo quibusdam autem recusandae id quae. Quasi natus porro fugiat molestiae doloremque numquam voluptate. Aut accusamus eos eaque provident possimus et occaecati.',1,0,'2011-04-14 07:19:06'),(31,31,73,71,'Eos consequatur laudantium aliquid mollitia ut possimus. Velit qui eum qui minima. Sapiente ea voluptatem exercitationem corrupti.',0,0,'2012-12-20 09:19:28'),(32,32,16,75,'Qui vel perspiciatis quia quisquam reprehenderit. Error et dolorem quidem nesciunt. Qui illum minus incidunt mollitia.',1,1,'2012-04-12 10:47:54'),(33,33,89,NULL,'Qui eligendi qui omnis perspiciatis sit architecto. Et ipsa quo qui ut ut nisi sunt. At sint nobis quo occaecati adipisci voluptates ad dolor. Ex est eaque voluptatem sit est sed.',1,1,'2016-12-17 16:38:40'),(34,34,30,11,'Recusandae voluptatem repudiandae aut qui. Quibusdam voluptas velit recusandae sint placeat. Voluptatibus qui non harum. Quia doloribus aliquam eum.',1,1,'2010-08-17 07:54:51'),(35,35,99,87,'Unde aliquid inventore non qui. Tempora voluptas explicabo impedit libero sed odio sint. Excepturi expedita eius temporibus dolorem.',1,1,'2016-12-11 20:24:37'),(36,36,81,NULL,'Beatae sunt quidem praesentium impedit aut pariatur repudiandae. Temporibus iusto numquam cum quia. Repellendus cumque tempore suscipit debitis sit iure aut. Modi ullam quia et et.',0,0,'2019-07-01 14:55:05'),(37,37,5,18,'Dolores enim voluptatibus incidunt. Ut ut facere libero praesentium omnis. Odio dolores iusto corrupti aspernatur error. Dolore earum tempora maxime est.',1,0,'2019-08-29 05:50:33'),(38,38,68,56,'Minus ea quia eos quos voluptas suscipit. Dolores quam quia iste sunt id ratione. Ut non sunt quia qui ipsam cumque magni et. Necessitatibus sed accusantium consequatur sit eos corrupti perspiciatis ea.',0,1,'2013-10-04 07:50:50'),(39,39,52,9,'Suscipit magni minima eius qui quibusdam sunt inventore. Iusto expedita dolorem impedit voluptas et commodi. Inventore mollitia ex deleniti illo et iusto id.',1,0,'2011-10-21 11:00:19'),(40,40,21,10,'Sint error sed consequatur aut sed qui. Sed eos quas quod corporis reprehenderit dolores amet. Vel commodi possimus quisquam rerum reprehenderit.',0,0,'2015-04-30 03:23:16'),(41,41,11,58,'Est fugiat quod sit quos laboriosam. Aut odio in sed consequatur tempore nulla. Aut voluptate nemo quam perferendis qui quam laudantium. Rerum in minima doloribus.',1,1,'2017-08-16 21:13:50'),(42,42,82,NULL,'Sequi sit minus consequatur vero. Commodi officiis voluptatem dolor occaecati ipsam aliquid praesentium. Ratione libero nihil molestias est aut laborum. Rerum vitae sit incidunt sint.',0,0,'2018-10-06 00:41:32'),(43,43,59,33,'Beatae fuga minus molestias aut. Blanditiis dolor sint ea quo molestiae. Perferendis ut ut maxime suscipit dolorem velit quam.',0,0,'2010-06-14 03:06:24'),(44,44,22,NULL,'Consequatur mollitia cumque voluptas ea quidem. Quia dignissimos deserunt cupiditate perferendis tempore non impedit. Rerum et illum assumenda et.',0,1,'2018-08-29 03:48:34'),(45,45,96,88,'Ratione aspernatur dignissimos eveniet non quas enim provident. Sed qui enim velit eaque ea. Placeat possimus porro tempora magnam possimus ipsam. Eos consequatur soluta non inventore qui cum et.',0,0,'2018-11-24 20:53:12'),(46,46,76,68,'Eum temporibus dolorem velit in velit amet itaque. Dolor quia dolore maiores praesentium neque illo alias. Aut exercitationem similique assumenda et. Qui in incidunt ex reiciendis voluptate.',0,1,'2014-11-27 17:25:29'),(47,47,59,91,'Aut et sit velit fugiat. Nihil illo quidem occaecati officia ut odit. Aspernatur maiores inventore ea. Hic autem omnis asperiores sint ipsa modi quia. Ut laudantium quisquam error inventore aut mollitia.',1,0,'2012-08-12 17:39:59'),(48,48,42,47,'Atque illo nobis veniam quia hic. Et ab ipsam veniam rem ut et nesciunt. Laboriosam enim quia incidunt fugiat itaque quo magni voluptate. Incidunt quasi omnis ab.',1,0,'2015-08-09 07:53:21'),(49,49,18,72,'Vel laborum iusto aut. Vero sunt perspiciatis asperiores aut dolorum voluptatem consequuntur debitis. Occaecati ex placeat quo fugiat alias soluta. Error sunt fuga quos.',1,1,'2016-06-30 21:12:48'),(50,50,58,17,'Aut voluptatem quia inventore animi autem ratione quas. Soluta magni vero saepe quis. Sit architecto exercitationem qui est vel eius.',0,1,'2019-01-05 22:39:51'),(51,51,59,39,'Est non sint voluptas dolores quae. Voluptas velit temporibus vel occaecati. Impedit necessitatibus neque consequatur nihil sequi. Soluta nesciunt maxime quidem qui saepe.',1,0,'2013-10-05 17:38:00'),(52,52,57,NULL,'Quod facere ipsa nulla modi. A dolores recusandae dolor non tempore ipsum. Eligendi molestias occaecati fuga earum.',1,0,'2017-01-22 04:22:53'),(53,53,56,25,'Accusamus ut qui enim magnam et. Aut pariatur dolor iusto et harum voluptatem maiores. Consequatur quasi impedit atque.',1,1,'2011-11-12 03:33:11'),(54,54,19,7,'Dignissimos amet et fugit saepe recusandae. Quia quia odit rerum sequi. Accusamus quaerat maxime et neque. Vitae numquam dolor distinctio fugit et. Eos earum sint consequuntur labore molestias.',1,0,'2015-05-02 09:47:16'),(55,55,34,39,'Est molestiae necessitatibus expedita ut neque. Minus est eum qui similique laboriosam velit dolorum. Qui voluptatum earum dolores. Nemo quas labore occaecati voluptatem molestiae eligendi est.',0,0,'2011-07-27 08:06:12'),(56,56,17,NULL,'Vero dicta et aut et nulla unde necessitatibus alias. Et quidem qui perferendis neque quos. Omnis eaque modi nesciunt tenetur sunt. Illum earum culpa in officia ipsa eum excepturi. Aliquam vel id ut eveniet.',0,0,'2015-12-23 18:55:50'),(57,57,97,99,'Debitis accusamus maiores modi molestiae voluptatem animi magnam. Non explicabo dignissimos incidunt repudiandae. Temporibus nobis omnis aut et voluptatibus. Sunt repudiandae eos ratione consequatur quisquam.',0,0,'2011-02-03 15:15:43'),(58,58,82,55,'Repudiandae quia ad et voluptatibus nobis porro. Non natus pariatur voluptatem maiores perferendis repudiandae. Qui voluptatem nisi doloribus ut cupiditate enim. Et autem odit mollitia sed saepe.',0,0,'2011-03-11 13:04:41'),(59,59,32,3,'Possimus officia deleniti autem dolorem nesciunt est. Ut asperiores debitis est nesciunt rem. Voluptates soluta natus magni reprehenderit et.',1,1,'2019-11-18 23:35:36'),(60,60,77,NULL,'Qui est illum voluptatem beatae non blanditiis. Rerum nisi ipsa qui.',1,0,'2017-10-21 10:01:27'),(61,61,91,52,'Asperiores qui consequatur ipsum magnam debitis quas. Eum animi iste rerum ab cupiditate explicabo aut. Exercitationem sapiente qui est commodi sint.',1,1,'2014-07-18 04:08:50'),(62,62,95,49,'Necessitatibus tenetur quam id quia maxime nisi. Ducimus est quo iste quia voluptates modi unde. Cum quia quidem soluta error qui.',1,1,'2015-12-07 20:54:34'),(63,63,42,37,'Qui et nihil ut deserunt possimus. Ex blanditiis fugit quaerat nam mollitia quia ea quas.',0,1,'2013-10-21 19:23:47'),(64,64,95,60,'Non est repudiandae rem rem libero culpa. Quis rerum molestiae eaque doloremque quis nisi. Placeat et repellendus quaerat ut sit. Sed suscipit voluptas ullam voluptates id architecto ut.',1,1,'2016-08-17 18:41:22'),(65,65,9,53,'Cum et et qui quam sapiente quaerat similique. Esse saepe et voluptatum sint non recusandae architecto. Aliquid natus quisquam iusto tempore. Deserunt et porro iusto nisi. Cupiditate architecto omnis est ipsa vero vel quae.',1,1,'2017-03-28 19:44:58'),(66,66,77,67,'Sunt ad voluptatem asperiores velit. Fugit nihil alias illo corporis aperiam omnis quae. Dicta odio ullam aut nobis.',0,0,'2011-04-30 10:49:16'),(67,67,91,34,'Ut ut non non occaecati. Eum voluptas eveniet voluptatem autem sed velit. Voluptatem quis non est nihil quia optio. Ut quia similique cupiditate laborum tempora quaerat.',1,0,'2018-07-11 22:25:19'),(68,68,31,46,'Quis dolores facere et architecto eius doloremque quasi. Explicabo ut et suscipit blanditiis aliquid. Nemo quos distinctio nostrum impedit aspernatur quia.',1,0,'2013-10-08 04:14:24'),(69,69,58,49,'Quaerat cum ratione molestias veritatis deleniti eius. Consectetur odio occaecati ea et ut alias. Ad sint magni quia consequatur eligendi.',1,1,'2017-06-29 22:33:12'),(70,70,52,91,'Ea facere ut consequatur ipsum corrupti autem cumque. Similique dolor ut quam omnis excepturi facere iste.',0,0,'2013-12-01 06:18:48'),(71,71,88,69,'Veniam sunt expedita optio qui sunt praesentium omnis voluptatem. Dolores et sed modi cumque aspernatur ut. Sequi autem quis hic nulla architecto nihil optio doloremque.',1,0,'2012-09-04 17:21:37'),(72,72,35,84,'Sit tempore nisi quaerat non itaque. Quas voluptates dolorem facere voluptatem. Molestias sed voluptatem odio esse deserunt aut. Asperiores in delectus accusantium aspernatur praesentium sed blanditiis. Voluptates repellendus omnis provident inventore laudantium maiores quia.',0,1,'2011-12-09 22:19:57'),(73,73,67,17,'Sit et totam ad maxime accusantium explicabo corporis exercitationem. Et expedita et quas et id quam minima. Ex omnis odio aut velit.',0,0,'2018-12-10 21:32:05'),(74,74,39,98,'Sed inventore sed commodi recusandae ducimus culpa. Voluptates enim quisquam ut ullam nostrum. Pariatur est ut voluptatem dolore ducimus sequi praesentium. Ut consectetur minus tempora in laborum libero.',1,0,'2018-12-19 06:09:56'),(75,75,20,16,'Ut quia non corporis et nulla. Ab ipsam sint nam illo. Sequi voluptate culpa fugit odit nesciunt culpa. Facilis excepturi deleniti amet dignissimos nulla sit perferendis eos.',1,0,'2017-03-07 02:56:09'),(76,76,24,10,'Enim sunt deleniti ut soluta aliquid explicabo sapiente. Consequatur voluptas molestias est temporibus. Pariatur nisi dolor iste aut eum quia incidunt.',1,0,'2013-02-09 18:47:07'),(77,77,68,19,'Et sequi nisi doloribus voluptatem qui id. Eos sit distinctio ad rem nisi sed. Non eum consequatur qui.',0,0,'2014-06-29 01:14:36'),(78,78,59,10,'Eligendi incidunt asperiores suscipit. Illum eum autem repudiandae rem. Fugit asperiores adipisci nam nemo. Rerum molestiae voluptatem sunt asperiores.',0,0,'2017-05-12 10:04:24'),(79,79,55,54,'Quas nemo ad aperiam illo ipsam modi. Et voluptatem inventore impedit enim. Tenetur dicta assumenda tenetur.',0,0,'2011-04-11 11:52:16'),(80,80,70,63,'Laboriosam ipsa quas numquam amet aliquam qui. Voluptatem ut tempora vel sint molestias facilis modi. Voluptatibus voluptates incidunt expedita voluptas qui nesciunt. Minima quis reprehenderit natus voluptatem eveniet est.',1,0,'2014-01-10 19:39:04'),(81,81,6,47,'Voluptatem fuga sit sunt autem est. Et cumque modi nisi eaque ad similique. Dolore blanditiis corrupti fugiat quia sint. Molestiae eos aspernatur corporis rem.',0,0,'2019-04-02 23:40:49'),(82,82,30,96,'Sed ut qui harum distinctio. Est consequuntur sit ratione. Quis dolorum ipsum maxime delectus distinctio quis. Ipsam animi est aliquam id assumenda voluptates.',0,1,'2010-05-18 06:19:51'),(83,83,80,60,'Et aliquam nobis molestiae cumque et aut dolor. Et qui cum aut et ut praesentium sit. Veritatis quisquam voluptate eos.',0,1,'2015-08-20 04:33:26'),(84,84,41,38,'Quo veritatis saepe ex aut qui. Sit debitis ut magni veniam repellendus dicta nisi. Velit ut vel id et. Ut autem dolore consequatur. Molestiae sed commodi inventore.',1,1,'2013-11-02 21:39:09'),(85,85,8,93,'Blanditiis sint quo ab asperiores ullam ea quo. Velit tempora dolor facilis quas.',1,0,'2018-02-08 18:06:18'),(86,86,29,95,'Accusamus consequatur quos et modi temporibus. Est voluptatem voluptas et fugiat veniam doloribus. Est facere et quo error dolores eos. Amet vero facilis facilis minima voluptatem recusandae.',0,1,'2015-10-26 06:53:44'),(87,87,61,64,'Facilis et vel aut nam. Fugiat esse eos corporis necessitatibus qui. Incidunt explicabo illum doloribus. Quam amet quaerat perferendis possimus quasi molestiae ut. In totam ea debitis molestias temporibus.',1,0,'2016-12-19 17:20:41'),(88,88,79,28,'Dolor deleniti pariatur dolorem aut illo harum. Nihil vel hic dignissimos ullam et ea nam. Quia quidem recusandae culpa enim. Blanditiis corrupti voluptatem quisquam voluptates fugit sed at.',1,0,'2017-01-24 14:31:01'),(89,89,80,17,'Similique voluptas voluptas voluptas eum laudantium accusamus aut et. Voluptatem repudiandae rerum exercitationem iste quibusdam tenetur velit fuga. Ea est cum et repellat et. Et odio provident delectus deleniti aut.',0,0,'2012-11-14 00:34:33'),(90,90,26,99,'Fugit eligendi autem est rerum adipisci quo aut. Possimus ut id sit autem. Numquam quia error sunt.',1,0,'2017-10-17 04:52:21'),(91,91,33,50,'Mollitia molestiae laboriosam quasi rerum laudantium. Deleniti rerum dolores sit qui veritatis. In placeat nam voluptatem veniam distinctio voluptas aut.',1,0,'2017-12-28 19:42:57'),(92,92,9,1,'Quidem quia ut iure porro repellat deserunt est. Dolor placeat cum dolores voluptatibus nemo est rerum. Aut est consequatur veniam eum. Reprehenderit optio voluptas est mollitia cum reiciendis id. Ex cumque beatae animi.',1,1,'2012-01-22 02:20:57'),(93,93,68,67,'Ad id eius rerum voluptas magni. Quidem voluptas iusto suscipit ut error esse. Aut cupiditate dolore et qui facere nemo commodi cupiditate.',1,0,'2011-06-20 04:06:22'),(94,94,10,22,'Quam architecto sapiente praesentium placeat nihil dicta. Ipsa autem aliquid nulla exercitationem quam aut. Eligendi eveniet quidem amet alias culpa aperiam. Voluptatem eaque enim dolorem vel voluptatem. Non ullam quo officia.',0,0,'2013-10-28 11:40:57'),(95,95,21,80,'Sed sint nobis et ut dolore. Iste voluptatem sit neque qui cumque sed vitae. Aliquam eos est inventore neque ipsum minima.',1,0,'2012-07-08 20:58:35'),(96,96,84,26,'Fugit laudantium nobis debitis quia blanditiis voluptatem repellat perspiciatis. Vitae veniam delectus qui. Fugiat est natus quod dolorum at.',1,0,'2014-04-05 08:03:47'),(97,97,26,13,'In non enim excepturi aut quisquam voluptas. A voluptates iure pariatur quo enim. Dolor dolorem et aperiam aliquid alias. Sed est error nulla ipsum et veniam.',1,0,'2010-11-02 11:45:27'),(98,98,21,6,'Id nulla incidunt ut id. Officiis voluptatem odio itaque et aliquid incidunt ullam aut. Culpa in corporis et cupiditate reiciendis iusto aspernatur. Et est quis nisi et accusantium aut repudiandae.',0,0,'2020-03-31 13:29:28'),(99,99,72,62,'Et ad sunt in sint cum ut. Ut suscipit temporibus quo vero autem. Quidem numquam dolorem consequatur praesentium voluptates aut deleniti. Nihil molestiae consequatur earum necessitatibus totam.',1,0,'2010-05-30 23:00:10'),(100,100,43,80,'Id ut omnis quam sunt esse quod. Quis architecto laboriosam consectetur necessitatibus. Enim sint molestiae et ullam placeat. Cumque cumque saepe eos a.',1,0,'2016-12-21 01:09:07');
/*!40000 ALTER TABLE `messages` ENABLE KEYS */;
UNLOCK TABLES;

--
-- Table structure for table `profiles`
--

DROP TABLE IF EXISTS `profiles`;
/*!40101 SET @saved_cs_client     = @@character_set_client */;
/*!50503 SET character_set_client = utf8mb4 */;
CREATE TABLE `profiles` (
  `user_id` int unsigned NOT NULL,
  `gender` char(1) CHARACTER SET utf8 COLLATE utf8_unicode_ci NOT NULL,
  `birthday` date DEFAULT NULL,
  `city` varchar(100) CHARACTER SET utf8 COLLATE utf8_unicode_ci DEFAULT NULL,
  `country` varchar(100) CHARACTER SET utf8 COLLATE utf8_unicode_ci DEFAULT NULL,
  `photo_id` int unsigned DEFAULT NULL,
  PRIMARY KEY (`user_id`)
) ENGINE=InnoDB DEFAULT CHARSET=utf8 COLLATE=utf8_unicode_ci;
/*!40101 SET character_set_client = @saved_cs_client */;

--
-- Dumping data for table `profiles`
--

LOCK TABLES `profiles` WRITE;
/*!40000 ALTER TABLE `profiles` DISABLE KEYS */;
INSERT INTO `profiles` VALUES (1,'f','1996-09-10','Port Keagan','Netherlands',NULL),(2,'f','1997-10-31','North Fabiolaburgh','Netherlands',NULL),(3,'m','1982-10-13','South Cory','Romania',NULL),(4,'m','1972-01-11','West Brisashire','Bahrain',NULL),(5,'f','1994-12-20','South Kenyonberg','Djibouti',NULL),(6,'m','2002-05-22','Kuhicside','Tajikistan',NULL),(7,'f','2017-09-29','West Haylieborough','Korea',32),(8,'m','2020-02-16','Reingerview','Grenada',NULL),(9,'f','1974-11-14','Lukaschester','Guadeloupe',NULL),(10,'f','1984-05-24','South Aniyah','Slovakia (Slovak Republic)',NULL),(11,'f','2001-02-28','New Katelyn','Burkina Faso',NULL),(12,'m','1978-08-21','Westland','Portugal',59),(13,'m','1992-09-08','East Kasandra','Mongolia',NULL),(14,'f','1977-07-04','South Scottown','Malaysia',26),(15,'m','2002-12-27','North Mertie','Norfolk Island',NULL),(16,'f','1995-04-28','West Silas','Samoa',NULL),(17,'f','1979-03-13','North Mathildeshire','Belarus',NULL),(18,'f','1988-08-10','Labadiebury','New Zealand',NULL),(19,'f','2005-09-05','Thurmantown','Tuvalu',NULL),(20,'f','1976-03-10','Fredland','Marshall Islands',68),(21,'m','2009-04-02','Ferryside','Montserrat',NULL),(22,'f','1983-03-17','Orenchester','Saint Pierre and Miquelon',NULL),(23,'f','2009-03-06','North Daphnefort','Oman',NULL),(24,'m','1990-06-26','Schultzmouth','Tokelau',NULL),(25,'f','1992-03-23','East Mathiasside','Qatar',62),(26,'m','2018-05-19','Cormierburgh','Afghanistan',NULL),(27,'f','1995-07-07','Corwinside','United Arab Emirates',NULL),(28,'m','1972-01-05','West Adrienne','Turkey',NULL),(29,'f','2019-02-11','Port Javier','China',98),(30,'f','2003-08-17','East Garfieldshire','Mauritius',NULL),(31,'f','1987-08-02','Curthaven','Comoros',NULL),(32,'m','1970-10-03','Westberg','Eritrea',NULL),(33,'f','1974-09-24','Ricechester','France',NULL),(34,'f','1983-01-19','Sipesmouth','Gabon',NULL),(35,'m','2013-07-16','West Darius','Tunisia',NULL),(36,'f','1991-04-18','Lake Tatumside','Honduras',NULL),(37,'f','1991-05-25','Lake Aydenshire','Djibouti',NULL),(38,'m','2002-08-12','Kenyaberg','Saint Martin',NULL),(39,'m','2017-08-12','Roweberg','Cape Verde',29),(40,'f','1991-05-06','Port Alberto','Lao People\'s Democratic Republic',NULL),(41,'m','2010-04-07','New Dell','Italy',NULL),(42,'f','1993-02-19','New Hassan','Mauritania',83),(43,'m','2010-02-21','Ferrystad','Cuba',89),(44,'m','1971-11-14','Jaronside','Japan',NULL),(45,'f','2012-11-12','West Danykaborough','Bosnia and Herzegovina',20),(46,'m','1989-02-04','West Jayda','Mauritania',NULL),(47,'f','1996-02-09','Maribelberg','Argentina',NULL),(48,'m','1981-02-15','New Anya','Gambia',NULL),(49,'f','1975-02-17','North Creola','Ukraine',NULL),(50,'m','2002-06-10','South Eugenia','Burundi',NULL),(51,'m','1995-09-08','South Gladyce','Micronesia',47),(52,'m','1973-11-05','Zechariahfurt','Djibouti',NULL),(53,'m','1988-12-15','Considinestad','Lithuania',NULL),(54,'f','1984-12-05','New Frederic','Saint Pierre and Miquelon',NULL),(55,'f','1971-11-04','New Cletusmouth','Anguilla',NULL),(56,'f','2017-12-27','Jeremiefurt','Pitcairn Islands',NULL),(57,'f','2004-08-19','East Fayeberg','Turks and Caicos Islands',14),(58,'m','1997-07-11','New Jeramyberg','Afghanistan',NULL),(59,'f','1993-05-08','Lake Naomi','Morocco',NULL),(60,'m','2003-06-10','Janickhaven','Macedonia',NULL),(61,'m','1971-03-15','Lake Erwinchester','Eritrea',NULL),(62,'f','1984-07-30','Port Benton','Saint Barthelemy',NULL),(63,'m','1999-04-24','North Adolfo','Guadeloupe',92),(64,'m','2017-07-08','Cindyberg','Bhutan',NULL),(65,'m','2007-04-14','East Mittie','Brazil',NULL),(66,'m','1986-11-02','Christhaven','Vietnam',NULL),(67,'f','1989-05-14','Port Dusty','Cocos (Keeling) Islands',65),(68,'f','1984-08-04','Lake Dale','Singapore',71),(69,'f','2005-08-28','South Mekhi','Ukraine',95),(70,'f','2010-10-01','Baileytown','Eritrea',NULL),(71,'m','2010-06-27','Powlowskihaven','Vietnam',NULL),(72,'m','2003-04-30','Brantmouth','Dominican Republic',NULL),(73,'f','1994-04-10','Harbertown','Afghanistan',50),(74,'f','2019-02-16','North Parkerstad','Guyana',NULL),(75,'m','1970-03-09','Annamaetown','Albania',NULL),(76,'m','1983-07-11','Mckenzieside','Greenland',77),(77,'f','2013-03-22','East Bretfort','Greece',74),(78,'f','1972-06-01','Port Felicia','Wallis and Futuna',NULL),(79,'f','1987-08-19','Wizatown','Croatia',NULL),(80,'f','1996-02-08','Port Maxietown','Isle of Man',NULL),(81,'m','1971-04-12','Aliyatown','Maldives',17),(82,'f','2006-03-01','Lake Kennith','Switzerland',NULL),(83,'m','1987-09-15','West Desireemouth','Lesotho',44),(84,'m','1994-11-02','Betsyshire','Ecuador',NULL),(85,'f','2005-01-13','Cruickshankview','Switzerland',NULL),(86,'m','2002-06-16','Terrymouth','Germany',NULL),(87,'m','1988-12-29','Vivienmouth','Guatemala',8),(88,'f','2014-11-13','Shanonborough','Eritrea',NULL),(89,'m','2019-03-07','North Connie','Papua New Guinea',NULL),(90,'m','1980-06-09','North Estelleview','Saint Kitts and Nevis',NULL),(91,'f','1999-05-04','Marcellahaven','Bouvet Island (Bouvetoya)',NULL),(92,'f','2020-02-16','East Augusta','Paraguay',NULL),(93,'m','1998-11-14','Port Wilbertown','American Samoa',NULL),(94,'m','2008-10-14','Lake Wallace','Liberia',NULL),(95,'f','2018-11-04','New Santina','Anguilla',35),(96,'f','1995-08-26','West Kelsiechester','Serbia',NULL),(97,'f','1971-01-20','Port Angelatown','Falkland Islands (Malvinas)',80),(98,'f','2006-07-20','Jeromyhaven','Mayotte',86),(99,'f','2007-03-12','Port Cullen','Cayman Islands',38),(100,'m','1991-09-21','North Desiree','Bhutan',NULL);
/*!40000 ALTER TABLE `profiles` ENABLE KEYS */;
UNLOCK TABLES;

--
-- Table structure for table `users`
--

DROP TABLE IF EXISTS `users`;
/*!40101 SET @saved_cs_client     = @@character_set_client */;
/*!50503 SET character_set_client = utf8mb4 */;
CREATE TABLE `users` (
  `id` int unsigned NOT NULL AUTO_INCREMENT,
  `first_name` varchar(100) CHARACTER SET utf8 COLLATE utf8_unicode_ci NOT NULL,
  `last_name` varchar(100) CHARACTER SET utf8 COLLATE utf8_unicode_ci NOT NULL,
  `email` varchar(120) CHARACTER SET utf8 COLLATE utf8_unicode_ci NOT NULL,
  `phone` varchar(120) CHARACTER SET utf8 COLLATE utf8_unicode_ci NOT NULL,
  `created_at` datetime DEFAULT CURRENT_TIMESTAMP,
  `updated_at` datetime DEFAULT CURRENT_TIMESTAMP ON UPDATE CURRENT_TIMESTAMP,
  PRIMARY KEY (`id`),
  UNIQUE KEY `email` (`email`),
  UNIQUE KEY `phone` (`phone`)
) ENGINE=InnoDB AUTO_INCREMENT=101 DEFAULT CHARSET=utf8 COLLATE=utf8_unicode_ci;
/*!40101 SET character_set_client = @saved_cs_client */;

--
-- Dumping data for table `users`
--

LOCK TABLES `users` WRITE;
/*!40000 ALTER TABLE `users` DISABLE KEYS */;
INSERT INTO `users` VALUES (1,'Clarissa','Walker','ilehner@example.org','+7(820)103-61-52','2016-10-17 10:17:18','2020-04-26 16:50:51'),(2,'Dahlia','Sanford','fpaucek@example.net','+7(807)177-75-88','2011-09-08 20:41:02','2020-04-26 16:50:51'),(3,'Orval','Haag','kutch.kendall@example.org','+7(893)173-95-17','2019-12-10 07:27:32','2020-04-26 16:50:51'),(4,'Sheila','Smith','gbosco@example.org','+7(890)124-58-69','2013-03-27 00:40:05','2020-04-26 16:50:51'),(5,'Van','Waters','alfred.orn@example.net','+7(822)190-91-44','2012-11-25 10:06:35','2020-04-26 16:50:51'),(6,'Stuart','Barrows','kobe40@example.net','+7(866)101-21-50','2013-03-15 19:42:36','2020-04-26 16:50:51'),(7,'Kelli','Herzog','asmitham@example.net','+7(821)153-14-59','2018-07-06 18:54:17','2020-04-26 16:50:51'),(8,'Haylie','Bins','vernie.durgan@example.org','+7(893)183-48-43','2017-04-26 05:04:10','2020-04-26 16:50:51'),(9,'Stevie','Schamberger','mona24@example.net','+7(893)143-46-51','2019-07-13 14:13:08','2020-04-26 16:50:51'),(10,'Judy','Wintheiser','freida63@example.org','+7(850)194-33-38','2013-01-01 19:36:07','2020-04-26 16:50:51'),(11,'Cullen','Harvey','murazik.lyla@example.net','+7(803)114-68-53','2019-03-01 07:02:53','2020-04-26 16:50:51'),(12,'Kay','O\'Conner','mellie.white@example.net','+7(895)113-90-61','2017-10-30 12:07:54','2020-04-26 16:50:51'),(13,'Pink','Haley','stroman.abelardo@example.org','+7(880)106-101-43','2017-10-03 13:29:12','2020-04-26 16:50:51'),(14,'Wava','Greenfelder','waldo09@example.net','+7(833)140-12-82','2018-08-10 11:39:52','2020-04-26 16:50:51'),(15,'Jammie','Toy','koelpin.hope@example.org','+7(843)146-14-74','2012-05-18 16:41:20','2020-04-26 16:50:51'),(16,'Madelynn','Veum','sbashirian@example.net','+7(891)113-102-30','2012-08-04 15:19:10','2020-04-26 16:50:51'),(17,'Tierra','Pfannerstill','spinka.cordie@example.org','+7(850)172-23-49','2018-09-25 16:22:49','2020-04-26 16:50:51'),(18,'Weston','Jaskolski','addie.bednar@example.net','+7(807)186-21-10','2015-12-22 02:46:12','2020-04-26 16:50:51'),(19,'Chauncey','Hamill','marcus29@example.com','+7(866)129-57-50','2012-11-04 23:59:07','2020-04-26 16:50:51'),(20,'Chad','Quitzon','dedrick.schultz@example.net','+7(810)198-71-23','2013-07-06 08:15:35','2020-04-26 16:50:51'),(21,'Marcus','Dibbert','gorczany.charlene@example.net','+7(895)126-56-53','2017-10-31 07:58:55','2020-04-26 16:50:51'),(22,'Myron','Nikolaus','liliane84@example.com','+7(831)193-83-83','2014-11-11 10:47:25','2020-04-26 16:50:51'),(23,'Justine','Turner','vboyle@example.net','+7(835)102-14-21','2019-02-28 09:09:58','2020-04-26 16:50:51'),(24,'Felicita','Beahan','marcella.renner@example.com','+7(861)162-35-46','2016-02-14 12:54:33','2020-04-26 16:50:51'),(25,'Tomas','Gerhold','herta.friesen@example.com','+7(846)198-62-63','2015-12-16 02:58:41','2020-04-26 16:50:51'),(26,'Brannon','Gorczany','alena.ankunding@example.org','+7(877)187-12-51','2015-03-07 04:16:58','2020-04-26 16:50:51'),(27,'Baby','Stoltenberg','miguel.bauch@example.net','+7(851)102-66-71','2015-04-13 17:45:32','2020-04-26 16:50:51'),(28,'Estel','Rogahn','ressie68@example.net','+7(815)147-97-10','2016-03-11 08:31:26','2020-04-26 16:50:51'),(29,'Julian','Lowe','casper.alysha@example.com','+7(835)176-85-52','2014-12-16 21:11:24','2020-04-26 16:50:51'),(30,'Cathryn','Hudson','tevin.feest@example.net','+7(837)125-26-14','2015-12-06 21:45:34','2020-04-26 16:50:51'),(31,'Pat','Parisian','taurean.konopelski@example.org','+7(878)176-55-11','2015-09-29 01:02:32','2020-04-26 16:50:51'),(32,'Guillermo','Mueller','rosamond91@example.net','+7(871)151-51-54','2014-06-06 09:47:33','2020-04-26 16:50:51'),(33,'Hassan','Klocko','kane.hand@example.com','+7(853)101-56-34','2013-07-30 09:49:16','2020-04-26 16:50:51'),(34,'Jacklyn','Huel','xfeil@example.com','+7(810)161-86-89','2013-11-30 12:31:21','2020-04-26 16:50:51'),(35,'Vito','Graham','precious85@example.net','+7(864)126-47-19','2011-07-31 21:35:29','2020-04-26 16:50:51'),(36,'Mackenzie','Funk','pgoyette@example.com','+7(844)188-17-68','2018-06-13 01:25:52','2020-04-26 16:50:51'),(37,'Caterina','Goyette','sincere.schmidt@example.org','+7(840)185-14-62','2016-04-17 16:21:32','2020-04-26 16:50:51'),(38,'Carmella','Harvey','gsporer@example.org','+7(814)176-50-68','2013-08-31 18:59:49','2020-04-26 16:50:51'),(39,'Bianka','Wilderman','buster12@example.org','+7(842)192-47-16','2016-10-26 02:37:29','2020-04-26 16:50:51'),(40,'Earnest','Bins','egleason@example.org','+7(830)126-50-29','2016-10-24 04:16:37','2020-04-26 16:50:51'),(41,'Kathlyn','Bode','ngorczany@example.com','+7(899)126-43-79','2019-03-27 06:22:59','2020-04-26 16:50:51'),(42,'Kayleigh','Senger','lind.joanny@example.net','+7(833)108-49-71','2017-11-30 07:33:07','2020-04-26 16:50:51'),(43,'Caesar','Rogahn','meta19@example.net','+7(863)187-56-66','2018-11-12 02:54:21','2020-04-26 16:50:51'),(44,'Julia','Schaden','verna.lueilwitz@example.net','+7(812)151-31-51','2017-08-25 05:43:00','2020-04-26 16:50:51'),(45,'Obie','Satterfield','friesen.neal@example.net','+7(897)129-65-81','2019-07-11 15:00:56','2020-04-26 16:50:51'),(46,'Greyson','Kuhic','maximilian85@example.org','+7(881)138-58-33','2020-02-24 18:16:13','2020-04-26 16:50:51'),(47,'Maya','Metz','langosh.fritz@example.net','+7(897)100-20-50','2010-08-12 10:46:31','2020-04-26 16:50:51'),(48,'Evalyn','Ruecker','qbergstrom@example.com','+7(819)148-92-65','2018-04-02 22:09:01','2020-04-26 16:50:51'),(49,'Eulalia','Donnelly','wconroy@example.com','+7(897)179-15-79','2016-01-16 07:55:50','2020-04-26 16:50:51'),(50,'Amelie','Corkery','sanford.chaz@example.org','+7(820)140-51-81','2016-09-26 07:26:03','2020-04-26 16:50:51'),(51,'Colt','Beatty','willms.tyrique@example.org','+7(820)132-14-27','2018-05-14 17:21:11','2020-04-26 16:50:51'),(52,'Kian','Bradtke','velva.fay@example.net','+7(894)108-67-62','2018-11-09 19:27:35','2020-04-26 16:50:51'),(53,'Everette','Carter','mreilly@example.com','+7(855)179-40-23','2010-09-03 03:18:29','2020-04-26 16:50:51'),(54,'Casandra','Smitham','sporer.abner@example.org','+7(890)102-52-14','2014-05-26 06:36:42','2020-04-26 16:50:51'),(55,'Tomas','Kessler','willy.ebert@example.com','+7(800)183-25-31','2017-11-19 16:41:20','2020-04-26 16:50:51'),(56,'Scarlett','Nader','elza.hills@example.org','+7(890)172-97-28','2020-01-12 13:13:27','2020-04-26 16:50:51'),(57,'Alize','Graham','zhaag@example.org','+7(852)194-24-81','2014-03-11 15:28:15','2020-04-26 16:50:51'),(58,'Brooklyn','Hudson','terrell.vonrueden@example.org','+7(801)140-108-70','2012-12-18 07:08:51','2020-04-26 16:50:51'),(59,'Agnes','Renner','meta11@example.com','+7(876)157-68-26','2011-01-09 18:57:36','2020-04-26 16:50:51'),(60,'Wilhelmine','Maggio','jadon91@example.org','+7(828)180-24-35','2015-01-16 03:51:05','2020-04-26 16:50:51'),(61,'Kendall','Mueller','aernser@example.net','+7(815)182-74-74','2013-07-30 18:38:15','2020-04-26 16:50:51'),(62,'Jarod','Keeling','owelch@example.net','+7(803)179-93-77','2010-09-23 13:37:07','2020-04-26 16:50:51'),(63,'Pearlie','Gutmann','lea.lowe@example.org','+7(870)199-96-37','2019-02-19 09:26:19','2020-04-26 16:50:51'),(64,'Dulce','Gutkowski','adolfo02@example.com','+7(813)164-88-14','2013-08-14 10:40:39','2020-04-26 16:50:51'),(65,'Loren','Murphy','lemke.margie@example.com','+7(888)124-66-21','2011-08-13 15:53:41','2020-04-26 16:50:51'),(66,'Griffin','Mitchell','darryl11@example.com','+7(898)148-56-81','2012-08-30 15:56:01','2020-04-26 16:50:51'),(67,'Jacynthe','Marvin','kunze.irma@example.org','+7(805)160-96-53','2012-04-08 15:20:41','2020-04-26 16:50:51'),(68,'Kayli','Zulauf','clotilde42@example.net','+7(808)179-82-32','2016-10-03 15:21:02','2020-04-26 16:50:51'),(69,'Janie','Lang','alexandre83@example.com','+7(819)113-20-18','2016-06-26 06:46:37','2020-04-26 16:50:51'),(70,'Estevan','Green','laisha.heller@example.net','+7(820)172-12-84','2019-12-10 13:36:23','2020-04-26 16:50:51'),(71,'Viviane','Haag','batz.hipolito@example.com','+7(857)106-71-82','2016-10-06 16:14:54','2020-04-26 16:50:51'),(72,'Marion','Jacobi','pjacobson@example.org','+7(869)173-67-66','2013-01-23 16:18:36','2020-04-26 16:50:51'),(73,'Geoffrey','Luettgen','dewitt14@example.com','+7(879)185-96-73','2017-11-12 21:32:19','2020-04-26 16:50:51'),(74,'Ethel','Rutherford','heidenreich.bella@example.org','+7(835)141-107-64','2010-09-26 20:06:25','2020-04-26 16:50:51'),(75,'Ted','Hoppe','amely33@example.com','+7(847)133-34-29','2015-06-22 18:10:31','2020-04-26 16:50:51'),(76,'Amie','Willms','helene40@example.net','+7(845)155-50-39','2019-04-07 17:31:41','2020-04-26 16:50:51'),(77,'Johnathon','Cummings','sophia28@example.net','+7(859)190-83-88','2016-11-23 02:00:50','2020-04-26 16:50:51'),(78,'Suzanne','Leffler','rkerluke@example.org','+7(869)150-56-74','2010-05-25 16:43:28','2020-04-26 16:50:51'),(79,'Evie','Homenick','katheryn85@example.com','+7(863)175-95-14','2015-04-01 10:48:52','2020-04-26 16:50:51'),(80,'Kasandra','Beer','fbraun@example.net','+7(866)119-103-22','2015-11-14 17:29:34','2020-04-26 16:50:51'),(81,'Michele','Lemke','wcrist@example.net','+7(894)125-51-37','2012-08-09 03:16:48','2020-04-26 16:50:51'),(82,'Curtis','O\'Kon','samantha.wehner@example.net','+7(848)138-54-18','2010-12-05 01:23:25','2020-04-26 16:50:51'),(83,'Chloe','Wintheiser','sean.homenick@example.com','+7(818)160-54-45','2015-12-06 20:03:17','2020-04-26 16:50:51'),(84,'Corine','Bergstrom','conroy.zack@example.org','+7(885)193-23-81','2020-02-20 03:17:39','2020-04-26 16:50:51'),(85,'Alexandria','Padberg','pdach@example.org','+7(802)143-21-32','2016-10-16 23:38:49','2020-04-26 16:50:51'),(86,'Steve','Fay','o\'reilly.bernice@example.net','+7(806)146-22-29','2014-07-31 19:32:40','2020-04-26 16:50:51'),(87,'Zaria','Wilkinson','tyra25@example.com','+7(881)136-48-77','2017-10-14 03:06:27','2020-04-26 16:50:51'),(88,'Jane','Reinger','asa56@example.net','+7(804)170-46-67','2010-12-15 21:21:05','2020-04-26 16:50:51'),(89,'Art','Sporer','della.romaguera@example.net','+7(851)140-56-20','2011-04-01 21:09:58','2020-04-26 16:50:51'),(90,'Victor','Kulas','qabbott@example.org','+7(824)183-52-63','2012-08-12 19:03:35','2020-04-26 16:50:51'),(91,'Lea','Bailey','wanda12@example.org','+7(804)120-97-76','2013-09-22 08:47:59','2020-04-26 16:50:51'),(92,'Franco','Collier','damaris11@example.org','+7(850)100-63-63','2018-10-03 02:55:00','2020-04-26 16:50:51'),(93,'Dorcas','Goyette','btorphy@example.net','+7(871)159-92-37','2018-06-22 02:35:11','2020-04-26 16:50:51'),(94,'Chanelle','Lemke','wilhelmine.gislason@example.com','+7(826)127-65-88','2011-01-25 16:57:54','2020-04-26 16:50:51'),(95,'Jade','Beier','zhamill@example.net','+7(825)130-87-10','2012-06-05 20:03:15','2020-04-26 16:50:51'),(96,'Shakira','Lindgren','randy.rath@example.net','+7(866)130-63-71','2018-10-19 23:56:33','2020-04-26 16:50:51'),(97,'Tristin','Schaefer','xparker@example.com','+7(824)189-85-18','2010-11-09 13:02:04','2020-04-26 16:50:51'),(98,'Barney','Gerlach','bartoletti.eunice@example.com','+7(825)195-11-25','2011-04-25 15:09:16','2020-04-26 16:50:51'),(99,'Jackeline','Cormier','owen79@example.org','+7(892)106-64-52','2018-12-28 14:42:47','2020-04-26 16:50:51'),(100,'Jose','Sanford','raphael38@example.com','+7(801)146-38-14','2017-02-11 09:10:04','2020-04-26 16:50:51');
/*!40000 ALTER TABLE `users` ENABLE KEYS */;
UNLOCK TABLES;
/*!40103 SET TIME_ZONE=@OLD_TIME_ZONE */;

/*!40101 SET SQL_MODE=@OLD_SQL_MODE */;
/*!40014 SET FOREIGN_KEY_CHECKS=@OLD_FOREIGN_KEY_CHECKS */;
/*!40014 SET UNIQUE_CHECKS=@OLD_UNIQUE_CHECKS */;
/*!40101 SET CHARACTER_SET_CLIENT=@OLD_CHARACTER_SET_CLIENT */;
/*!40101 SET CHARACTER_SET_RESULTS=@OLD_CHARACTER_SET_RESULTS */;
/*!40101 SET COLLATION_CONNECTION=@OLD_COLLATION_CONNECTION */;
/*!40111 SET SQL_NOTES=@OLD_SQL_NOTES */;

-- Dump completed on 2020-04-26 23:19:16
